SrNo;Hhid;Day;Comp;SEC;Age;Child;Ncars;Gend;Wstat;AgeP;Actnr;Atype;With;BT;ET;Home;PPC;Mode;TravTime;TravDist;Eindhoven;Dur
1;3153175;1;2;1;2;0;1;0;2;2;1;9;0;300;645;1;5556;NA;0;NA;1;225
5;3253149;2;0;1;2;0;0;0;0;2;1;9;0;300;1015;1;5652;NA;0;NA;1;435
9;3351147;3;1;1;1;0;1;0;2;1;1;9;0;300;730;1;5017;NA;0;NA;1;270
11;3451130;4;3;3;1;3;1;0;2;1;1;9;0;300;815;1;2718;NA;0;NA;1;315
16;4102139;1;0;0;4;0;0;1;0;4;1;9;0;300;2700;1;5611;NA;0;NA;1;1440
17;4104110;1;3;0;1;1;2;1;2;1;1;9;0;300;915;1;5623;NA;0;NA;1;375
22;4106115;1;3;3;1;0;1;0;2;1;1;9;0;300;800;1;5611;NA;0;NA;1;300
26;4107128;1;2;3;1;0;2;0;2;1;1;9;0;300;835;1;5627;NA;0;NA;1;335
31;4107171;1;3;2;1;0;1;0;2;1;1;9;0;300;715;1;5711;NA;0;NA;1;255
38;4108125;1;1;2;0;0;1;1;2;0;1;9;0;300;745;1;5643;NA;0;NA;1;285
40;4109128;1;4;0;4;0;1;0;0;4;1;9;0;300;1915;1;5623;NA;0;NA;1;975
44;4109135;1;3;3;1;0;1;0;2;1;1;9;0;300;745;1;5211;NA;0;NA;1;285
48;4110135;1;1;3;0;0;1;0;2;0;1;9;0;300;1003;1;5616;NA;0;NA;1;423
50;4111137;1;3;1;0;0;1;0;2;0;1;9;0;300;520;1;9406;NA;0;NA;1;140
54;4111172;1;3;2;0;1;1;0;1;0;1;9;0;300;1015;1;5233;NA;0;NA;1;435
60;4116556;1;3;3;0;0;2;0;2;0;1;9;0;300;945;1;5627;NA;0;NA;1;405
64;4117143;1;3;3;2;0;2;0;2;2;1;9;0;300;800;1;5571;NA;0;NA;1;300
69;4118169;1;3;2;0;0;1;0;2;0;1;9;0;300;825;1;5527;NA;0;NA;1;325
75;4119002;1;4;3;1;0;2;0;0;1;1;9;0;300;500;1;5652;NA;0;NA;1;120
79;4119113;1;4;2;2;0;1;1;0;2;1;9;0;300;2700;1;5628;NA;0;NA;1;1440
84;4119128;1;2;3;2;0;2;1;0;2;1;9;0;300;1300;1;5682;NA;0;NA;1;600
89;4120008;1;1;2;1;0;0;0;2;1;1;9;0;300;800;1;5644;NA;0;NA;1;300
92;4121117;1;1;1;0;0;1;0;2;0;1;9;0;300;1130;1;2517;NA;0;NA;1;510
94;4121168;1;2;2;1;1;2;0;2;1;1;9;0;300;725;1;4824;NA;0;NA;1;265
102;4122126;1;2;2;1;3;1;0;0;1;1;9;0;300;700;1;5052;NA;0;NA;1;240
108;4123017;1;1;2;1;0;1;1;2;1;1;9;0;300;1100;1;5555;NA;0;NA;1;480
110;4123155;1;1;2;0;0;1;0;2;0;1;9;0;300;730;1;5653;NA;0;NA;1;270
113;4123555;1;3;3;1;1;2;0;2;1;1;9;0;300;1350;1;5611;NA;0;NA;1;650
117;4124101;1;0;0;4;0;0;1;0;4;1;9;0;300;1000;1;5652;NA;0;NA;1;420
119;4124187;1;0;0;4;0;0;1;0;4;1;9;0;300;1300;1;5642;NA;0;NA;1;600
121;4124188;1;0;1;2;0;2;0;0;2;1;9;0;300;815;1;5627;NA;0;NA;1;315
123;4124553;1;3;1;0;0;1;0;2;0;1;9;0;300;845;1;5616;NA;0;NA;1;345
127;4125017;1;0;0;1;0;0;1;0;1;1;9;0;300;930;1;5643;NA;0;NA;1;390
129;4126127;1;4;2;3;0;1;0;0;3;1;9;0;300;1315;1;5691;NA;0;NA;1;615
134;4127138;1;3;3;1;0;2;0;2;1;1;9;0;300;800;1;5709;NA;0;NA;1;300
138;4127148;1;0;0;3;0;0;1;0;3;1;9;0;300;1100;1;5616;NA;0;NA;1;480
140;4128118;1;1;3;2;0;0;0;2;2;1;9;0;300;830;1;5643;NA;0;NA;1;330
142;4129106;1;0;1;3;0;2;0;0;3;1;9;0;300;1230;1;5653;NA;0;NA;1;570
144;4129120;1;3;2;2;3;2;0;2;2;1;9;0;300;1215;1;5582;NA;0;NA;1;555
149;4130110;1;3;3;1;3;1;0;2;1;1;9;0;300;715;1;5672;NA;0;NA;1;255
153;4130150;1;3;3;0;0;2;0;2;0;1;9;0;300;2252;1;5626;NA;0;NA;1;1192
158;4131147;1;3;3;1;3;2;0;2;1;1;9;0;300;730;1;5582;NA;0;NA;1;270
162;4131154;1;4;1;2;0;1;0;0;2;1;9;0;300;2700;1;5611;NA;0;NA;1;1440
164;4133121;1;2;3;1;2;2;0;2;1;1;9;0;300;745;1;5684;NA;0;NA;1;285
169;4133130;1;4;2;3;0;2;1;0;3;1;9;0;300;900;1;5688;NA;0;NA;1;360
174;4133136;1;3;3;2;0;2;0;2;2;1;9;0;300;200;1;2678;NA;0;NA;1;-60
183;4133162;1;1;0;2;0;1;0;2;2;1;9;0;300;930;1;5616;NA;0;NA;1;390
185;4133552;1;4;2;3;0;1;1;0;3;1;9;0;300;730;1;5506;NA;0;NA;1;270
190;4134118;1;2;1;1;0;1;0;2;1;1;9;0;300;2700;1;5616;NA;0;NA;1;1440
191;4134184;1;1;1;1;0;2;1;2;1;1;9;0;300;815;1;5531;NA;0;NA;1;315
195;4135109;1;0;2;1;0;2;1;0;1;1;9;0;300;1315;1;5628;NA;0;NA;1;615
198;4136180;1;2;3;1;0;2;0;2;1;1;9;0;300;630;1;6581;NA;0;NA;1;210
202;4137145;1;1;0;2;0;1;0;1;2;1;9;0;300;2700;1;5611;NA;0;NA;1;1440
203;4137263;1;2;2;1;0;2;0;2;1;1;9;0;300;600;1;8226;NA;0;NA;1;180
207;4138111;1;3;3;1;2;1;1;1;1;1;9;0;300;815;1;5628;NA;0;NA;1;315
212;4138280;1;3;1;1;0;1;0;2;1;1;9;0;300;744;1;5953;NA;0;NA;1;284
216;4142149;1;1;0;0;0;0;1;2;0;1;9;0;300;745;1;5623;NA;0;NA;1;285
218;4143117;1;3;2;0;1;1;0;2;0;1;9;0;300;800;1;5504;NA;0;NA;1;300
223;4143130;1;0;3;1;3;1;0;0;1;1;9;0;300;1200;1;5591;NA;0;NA;1;540
226;4145015;1;0;0;3;0;0;1;0;3;1;9;0;300;1000;1;5632;NA;0;NA;1;420
228;4145103;1;2;2;2;0;1;0;2;2;1;9;0;300;740;1;5628;NA;0;NA;1;280
231;4145141;1;2;3;2;0;1;1;0;2;1;9;0;300;845;1;4822;NA;0;NA;1;345
235;4146183;1;4;2;2;0;1;0;0;2;1;9;0;300;745;1;5628;NA;0;NA;1;285
243;4147117;1;2;1;2;0;2;0;2;2;1;9;0;300;820;1;6212;NA;0;NA;1;320
249;4147179;1;3;3;2;3;1;0;2;2;1;9;0;300;915;1;5613;NA;0;NA;1;375
254;4149016;1;0;0;2;0;1;0;0;2;1;9;0;300;2700;1;5611;NA;0;NA;1;1440
255;4149101;1;3;3;1;1;2;0;2;1;1;9;0;300;700;1;6333;NA;0;NA;1;240
259;4149156;1;3;1;1;0;1;0;2;1;1;9;0;300;830;1;5682;NA;0;NA;1;330
263;4149175;1;2;3;2;0;2;0;2;2;1;9;0;300;640;1;5482;NA;0;NA;1;220
268;4150111;1;4;3;3;0;1;1;0;3;1;9;0;300;900;1;5624;NA;0;NA;1;360
274;4152178;1;3;2;0;1;1;1;1;0;1;9;0;300;1030;1;5491;NA;0;NA;1;450
281;4153181;1;3;2;1;0;1;0;2;1;1;9;0;300;1400;1;5223;NA;0;NA;1;660
285;4202130;2;2;3;1;2;1;0;2;1;1;9;0;300;820;1;5663;NA;0;NA;1;320
291;4202131;2;3;2;1;0;1;0;2;1;1;9;0;300;724;1;5481;NA;0;NA;1;264
295;4203132;2;3;3;0;0;2;0;2;0;1;9;0;300;530;1;5631;NA;0;NA;1;150
299;4204007;2;2;3;1;3;0;0;2;1;1;9;0;300;845;1;1015;NA;0;NA;1;345
303;4204106;2;0;3;2;0;0;1;0;2;1;9;0;300;900;1;5612;NA;0;NA;1;360
306;4204164;2;3;2;0;1;2;0;2;0;1;9;0;300;830;1;6127;NA;0;NA;1;330
308;4205154;2;2;2;2;0;1;1;0;2;1;9;0;300;2700;1;5753;NA;0;NA;1;1440
311;4206146;2;4;0;3;0;1;0;0;3;1;9;0;300;1100;1;5062;NA;0;NA;1;480
314;4207121;2;3;3;0;0;2;0;2;0;1;9;0;300;915;1;5672;NA;0;NA;1;375
319;4207130;2;3;3;1;0;2;0;2;1;1;9;0;300;600;1;5641;NA;0;NA;1;180
323;4208102;2;4;2;3;0;1;0;0;3;1;9;0;300;2700;1;5611;NA;0;NA;1;1440
325;4208166;2;0;0;3;0;1;1;0;3;1;9;0;300;910;1;5644;NA;0;NA;1;370
329;4209109;2;3;2;0;0;2;0;2;0;1;9;0;300;730;1;5975;NA;0;NA;1;270
333;4209112;2;0;0;4;0;0;1;0;4;1;9;0;300;900;1;5616;NA;0;NA;1;360
336;4210114;2;4;1;4;0;0;0;0;4;1;9;0;300;2700;1;5625;NA;0;NA;1;1440
339;4210123;2;0;0;2;0;1;1;0;2;1;9;0;300;845;1;5224;NA;0;NA;1;345
344;4210139;2;2;3;1;2;2;0;2;1;1;9;0;300;620;1;4181;NA;0;NA;1;200
350;4211143;2;0;0;4;0;0;1;0;4;1;9;0;300;2700;1;5611;NA;0;NA;1;1440
351;4211156;2;2;3;1;1;2;0;2;1;1;9;0;300;830;1;4823;NA;0;NA;1;330
355;4212109;2;3;3;1;2;2;0;2;1;1;9;0;300;840;1;5244;NA;0;NA;1;340
361;4212119;2;3;3;1;1;2;0;2;1;1;9;0;300;640;1;5628;NA;0;NA;1;220
367;4212148;2;2;2;0;0;2;0;2;0;1;9;0;300;715;1;5581;NA;0;NA;1;255
371;4212158;2;0;0;4;0;1;1;0;4;1;9;0;300;2700;1;5611;NA;0;NA;1;1440
372;4212167;2;1;0;0;0;0;1;2;0;1;9;0;300;1045;1;5627;NA;0;NA;1;465
374;4212190;2;4;3;2;0;1;0;0;2;1;9;0;300;610;1;5613;NA;0;NA;1;190
384;4214151;2;0;0;2;0;1;1;0;2;1;9;0;300;730;1;5551;NA;0;NA;1;270
386;4214154;2;4;3;4;0;1;0;0;4;1;9;0;300;830;1;5684;NA;0;NA;1;330
390;4214171;2;0;3;3;0;2;0;0;3;1;9;0;300;900;1;5644;NA;0;NA;1;360
394;4215118;2;3;3;0;0;2;0;2;0;1;9;0;300;810;1;5037;NA;0;NA;1;310
400;4216128;2;2;2;1;3;1;0;2;1;1;9;0;300;600;1;6822;NA;0;NA;1;180
405;4216154;2;3;3;1;0;2;0;2;1;1;9;0;300;2700;1;5571;NA;0;NA;1;1440
408;4216161;2;4;1;3;0;1;0;0;3;1;9;0;300;1030;1;5623;NA;0;NA;1;450
412;4217017;2;3;1;1;0;1;0;2;1;1;9;0;300;700;1;5236;NA;0;NA;1;240
417;4218132;2;4;3;4;0;1;0;0;4;1;9;0;300;927;1;5741;NA;0;NA;1;387
422;4218135;2;4;3;3;0;1;1;0;3;1;9;0;300;930;1;3319;NA;0;NA;1;390
426;4219120;2;4;3;3;0;2;1;0;3;1;9;0;300;930;1;5631;NA;0;NA;1;390
431;4221166;2;1;3;1;0;1;0;2;1;1;9;0;300;650;1;5751;NA;0;NA;1;230
433;4222149;2;3;2;1;0;2;0;2;1;1;9;0;300;645;1;5102;NA;0;NA;1;225
438;4223131;2;2;3;1;2;1;0;2;1;1;9;0;300;815;1;5481;NA;0;NA;1;315
444;4223177;2;3;2;0;0;2;0;2;0;1;9;0;300;745;1;5216;NA;0;NA;1;285
448;4224173;2;0;0;3;0;1;1;0;3;1;9;0;300;2700;1;5611;NA;0;NA;1;1440
449;4225102;2;4;2;3;0;1;1;0;3;1;9;0;300;1030;1;5509;NA;0;NA;1;450
454;4226552;2;3;3;1;0;1;0;2;1;1;9;0;300;850;1;5627;NA;0;NA;1;350
460;4227013;2;4;1;2;0;1;0;0;2;1;9;0;300;915;1;5632;NA;0;NA;1;375
466;4227174;2;3;3;0;0;2;0;2;0;1;9;0;300;800;1;5491;NA;0;NA;1;300
470;4228141;2;1;3;0;0;0;0;2;0;1;9;0;300;930;1;5611;NA;0;NA;1;390
472;4229555;2;3;3;0;0;2;0;2;0;1;9;0;300;800;1;5632;NA;0;NA;1;300
478;4230002;2;1;2;0;1;0;1;2;0;1;9;0;300;1400;1;5612;NA;0;NA;1;660
480;4230120;2;1;1;1;0;1;1;2;1;1;9;0;300;820;1;5663;NA;0;NA;1;320
484;4230131;2;1;2;0;0;1;1;2;0;1;9;0;300;750;1;5629;NA;0;NA;1;290
486;4230172;2;4;3;4;0;1;0;0;4;1;9;0;300;1600;1;5651;NA;0;NA;1;780
491;4231011;2;1;3;2;0;0;1;2;2;1;9;0;300;1800;1;5641;NA;0;NA;1;900
493;4231135;2;1;0;1;0;1;1;1;1;1;9;0;300;1140;1;5625;NA;0;NA;1;520
496;4231182;2;4;0;3;0;0;0;0;3;1;9;0;300;2700;1;5611;NA;0;NA;1;1440
498;4231553;2;3;1;1;2;1;1;1;1;1;9;0;300;755;1;5632;NA;0;NA;1;295
504;4233120;2;3;1;0;1;2;0;2;0;1;9;0;300;730;1;5658;NA;0;NA;1;270
509;4233165;2;1;3;0;0;1;0;2;0;1;9;0;300;750;1;5652;NA;0;NA;1;290
511;4234156;2;3;2;0;0;2;0;2;0;1;9;0;300;945;1;6621;NA;0;NA;1;405
518;4235170;2;3;3;1;0;1;1;1;1;1;9;0;300;815;1;5612;NA;0;NA;1;315
522;4236105;2;3;3;1;1;2;0;2;1;1;9;0;300;730;1;5731;NA;0;NA;1;270
526;4236120;2;3;3;1;1;1;0;2;1;1;9;0;300;810;1;6049;NA;0;NA;1;310
532;4236149;2;4;1;4;0;0;0;0;4;1;9;0;300;2700;1;5611;NA;0;NA;1;1440
534;4236160;2;3;3;1;0;1;0;2;1;1;9;0;300;800;1;5508;NA;0;NA;1;300
537;4237135;2;3;2;2;0;1;0;1;2;1;9;0;300;1200;1;5683;NA;0;NA;1;540
541;4237144;2;2;3;3;0;2;0;1;3;1;9;0;300;1430;1;5626;NA;0;NA;1;690
546;4239117;2;2;3;1;0;1;0;0;1;1;9;0;300;820;1;5591;NA;0;NA;1;320
552;4239125;2;1;3;1;0;1;0;2;1;1;9;0;300;630;1;2406;NA;0;NA;1;210
554;4239139;2;4;0;2;0;1;0;0;2;1;9;0;300;1230;1;5622;NA;0;NA;1;570
558;4239152;2;4;1;4;0;0;1;0;4;1;9;0;300;1230;1;5644;NA;0;NA;1;570
562;4240121;2;2;3;2;0;2;0;0;2;1;9;0;300;1015;1;5504;NA;0;NA;1;435
566;4240554;2;3;3;1;0;1;0;2;1;1;9;0;300;630;1;4651;NA;0;NA;1;210
572;4241118;2;1;0;1;3;1;1;1;1;1;9;0;300;830;1;5641;NA;0;NA;1;330
578;4241183;2;3;3;1;2;2;1;1;1;1;9;0;300;845;1;5403;NA;0;NA;1;345
582;4243016;2;2;2;2;0;2;0;2;2;1;9;0;300;700;1;5685;NA;0;NA;1;240
586;4244141;2;2;3;1;0;2;0;2;1;1;9;0;300;805;1;4834;NA;0;NA;1;305
589;4244143;2;3;3;1;1;1;0;2;1;1;9;0;300;630;1;5626;NA;0;NA;1;210
595;4244153;2;3;3;1;0;2;1;1;1;1;9;0;300;1130;1;5627;NA;0;NA;1;510
602;4246119;2;0;0;4;0;0;1;0;4;1;9;0;300;2700;1;5611;NA;0;NA;1;1440
603;4247015;2;0;0;0;0;0;1;0;0;1;9;0;300;1440;1;5643;NA;0;NA;1;700
605;4247130;2;2;3;1;2;2;0;2;1;1;9;0;300;831;1;5756;NA;0;NA;1;331
611;4247134;2;0;3;3;0;1;1;0;3;1;9;0;300;1300;1;5641;NA;0;NA;1;600
614;4248125;2;4;1;3;0;0;0;0;3;1;9;0;300;1330;1;5625;NA;0;NA;1;630
618;4249122;2;4;1;3;0;1;0;0;3;1;9;0;300;1300;1;5506;NA;0;NA;1;600
622;4249136;2;3;3;2;0;1;0;2;2;1;9;0;300;745;1;5612;NA;0;NA;1;285
627;4249143;2;3;3;1;3;2;0;2;1;1;9;0;300;630;1;5581;NA;0;NA;1;210
631;4250114;2;4;2;4;0;1;0;0;4;1;9;0;300;1100;1;5644;NA;0;NA;1;480
635;4251113;2;1;2;0;0;1;0;2;0;1;9;0;300;800;1;5644;NA;0;NA;1;300
638;4251118;2;3;3;2;0;1;0;2;2;1;9;0;300;600;1;6902;NA;0;NA;1;180
642;4251168;2;0;1;3;0;0;1;0;3;1;9;0;300;1205;1;5616;NA;0;NA;1;545
644;4253147;2;4;2;2;0;1;0;0;2;1;9;0;300;800;1;5628;NA;0;NA;1;300
648;4253161;2;1;3;1;0;1;0;2;1;1;9;0;300;745;1;5641;NA;0;NA;1;285
651;4302116;3;2;3;2;0;1;0;0;2;1;9;0;300;745;1;5591;NA;0;NA;1;285
657;4302139;3;2;2;2;3;1;0;1;2;1;9;0;300;2700;1;5671;NA;0;NA;1;1440
662;4302146;3;4;1;4;0;1;0;0;4;1;9;0;300;1145;1;5644;NA;0;NA;1;525
667;4302148;3;2;3;2;0;1;1;0;2;1;9;0;300;830;1;5703;NA;0;NA;1;330
671;4302151;3;4;1;2;0;1;0;0;2;1;9;0;300;1100;1;5632;NA;0;NA;1;480
677;4302180;3;2;0;2;0;1;0;2;2;1;9;0;300;620;1;5731;NA;0;NA;1;200
683;4304126;3;4;3;2;0;2;1;0;2;1;9;0;300;925;1;5644;NA;0;NA;1;385
689;4305009;3;3;3;0;1;2;0;2;0;1;9;0;300;720;1;5595;NA;0;NA;1;260
694;4305122;3;4;2;3;0;1;0;0;3;1;9;0;300;1230;1;5624;NA;0;NA;1;570
699;4305130;3;2;2;1;2;1;0;2;1;1;9;0;300;630;1;5754;NA;0;NA;1;210
704;4306139;3;1;0;0;1;1;1;1;0;1;9;0;300;820;1;5632;NA;0;NA;1;320
707;4307120;3;4;1;2;0;1;0;0;2;1;9;0;300;2700;1;5611;NA;0;NA;1;1440
709;4307144;3;2;2;1;0;2;0;2;1;1;9;0;300;630;1;5556;NA;0;NA;1;210
713;4307183;3;2;3;2;0;2;0;2;2;1;9;0;300;530;1;3612;NA;0;NA;1;150
718;4308106;3;0;0;4;0;1;1;0;4;1;9;0;300;1030;1;5652;NA;0;NA;1;450
721;4308147;3;3;1;0;1;2;0;2;0;1;9;0;300;740;1;5421;NA;0;NA;1;280
725;4308150;3;1;3;0;0;0;0;2;0;1;9;0;300;820;1;5616;NA;0;NA;1;320
729;4310156;3;3;3;0;1;2;0;2;0;1;9;0;300;740;1;5246;NA;0;NA;1;280
734;4311108;3;3;3;0;1;2;1;1;0;1;9;0;300;800;1;5296;NA;0;NA;1;300
740;4312141;3;3;3;1;0;2;0;2;1;1;9;0;300;715;1;5737;NA;0;NA;1;255
744;4313122;3;3;2;1;0;1;0;2;1;1;9;0;300;720;1;5666;NA;0;NA;1;260
748;4313192;3;3;2;1;0;2;1;1;1;1;9;0;300;1015;1;5691;NA;0;NA;1;435
752;4314197;3;2;3;2;0;1;0;2;2;1;9;0;300;800;1;5861;NA;0;NA;1;300
758;4315153;3;2;3;1;1;2;0;2;1;1;9;0;300;800;1;5152;NA;0;NA;1;300
764;4316001;3;4;1;4;0;1;0;0;4;1;9;0;300;2700;1;5611;NA;0;NA;1;1440
766;4316117;3;3;3;2;0;2;0;2;2;1;9;0;300;715;1;5512;NA;0;NA;1;255
770;4317117;3;3;2;1;0;2;0;2;1;1;9;0;300;630;1;6546;NA;0;NA;1;210
774;4317139;3;3;3;1;1;2;0;2;1;1;9;0;300;645;1;5616;NA;0;NA;1;225
782;4317557;3;1;3;1;1;2;0;2;1;1;9;0;300;755;1;5709;NA;0;NA;1;295
784;4318104;3;2;0;1;0;1;1;0;1;1;9;0;300;850;1;5707;NA;0;NA;1;350
789;4318129;3;0;3;2;0;1;1;0;2;1;9;0;300;1040;1;5615;NA;0;NA;1;460
794;4318163;3;3;3;1;0;1;0;2;1;1;9;0;300;550;1;5623;NA;0;NA;1;170
797;4318185;3;2;1;2;0;1;0;2;2;1;9;0;300;1400;1;6581;NA;0;NA;1;660
801;4319118;3;1;3;1;0;1;1;2;1;1;9;0;300;710;1;5056;NA;0;NA;1;250
803;4320012;3;4;3;3;0;1;1;0;3;1;9;0;300;930;1;6226;NA;0;NA;1;390
809;4320133;3;0;0;3;0;1;1;0;3;1;9;0;300;1030;1;2628;NA;0;NA;1;450
811;4320144;3;3;3;1;3;2;0;2;1;1;9;0;300;600;1;4241;NA;0;NA;1;180
819;4320165;3;2;2;1;0;2;0;1;1;1;9;0;300;1025;1;5502;NA;0;NA;1;445
825;4321016;3;0;0;3;0;1;1;0;3;1;9;0;300;1300;1;5664;NA;0;NA;1;600
828;4321134;3;1;3;1;0;1;1;2;1;1;9;0;300;800;1;3743;NA;0;NA;1;300
832;4321555;3;3;3;0;0;1;0;2;0;1;9;0;300;830;1;5654;NA;0;NA;1;330
837;4322160;3;0;2;3;0;1;0;0;3;1;9;0;300;2700;1;5611;NA;0;NA;1;1440
838;4323006;3;3;2;0;0;1;0;2;0;1;9;0;300;1445;1;5653;NA;0;NA;1;705
842;4323118;3;3;1;0;1;1;1;1;0;1;9;0;300;845;1;5501;NA;0;NA;1;345
848;4324008;3;0;1;1;0;1;1;0;1;1;9;0;300;815;1;5611;NA;0;NA;1;315
851;4324116;3;3;3;1;1;2;0;2;1;1;9;0;300;730;1;5614;NA;0;NA;1;270
857;4326111;3;0;0;4;0;0;1;0;4;1;9;0;300;900;1;5645;NA;0;NA;1;360
859;4326181;3;1;3;1;0;1;0;2;1;1;9;0;300;735;1;5627;NA;0;NA;1;275
862;4327113;3;3;2;1;0;1;0;2;1;1;9;0;300;505;1;5042;NA;0;NA;1;125
866;4328102;3;2;3;1;2;1;0;2;1;1;9;0;300;1230;1;5624;NA;0;NA;1;570
873;4328113;3;0;0;4;0;0;1;0;4;1;9;0;300;2700;1;5611;NA;0;NA;1;1440
874;4328128;3;4;0;3;0;1;1;0;3;1;9;0;300;900;1;5502;NA;0;NA;1;360
885;4329102;3;4;3;2;0;2;0;0;2;1;9;0;300;930;1;5642;NA;0;NA;1;390
889;4329130;3;4;3;3;0;1;0;0;3;1;9;0;300;815;1;6226;NA;0;NA;1;315
893;4330001;3;1;3;1;0;1;1;1;1;1;9;0;300;700;1;6026;NA;0;NA;1;240
896;4331109;3;2;3;1;1;2;0;2;1;1;9;0;300;1115;1;5062;NA;0;NA;1;495
901;4331112;3;3;3;1;3;2;0;2;1;1;9;0;300;1620;1;5612;NA;0;NA;1;800
907;4331134;3;1;3;1;0;1;0;2;1;1;9;0;300;845;1;5694;NA;0;NA;1;345
914;4331556;3;0;0;4;0;0;1;0;4;1;9;0;300;1545;1;5623;NA;0;NA;1;765
916;4332001;3;0;1;0;2;1;1;0;0;1;9;0;300;610;1;5623;NA;0;NA;1;190
922;4332004;3;1;1;1;0;1;1;1;1;1;9;0;300;930;1;5655;NA;0;NA;1;390
925;4332108;3;0;2;3;0;1;1;0;3;1;9;0;300;1400;1;5631;NA;0;NA;1;660
927;4332155;3;4;1;3;0;1;1;0;3;1;9;0;300;2700;1;5611;NA;0;NA;1;1440
929;4333113;3;2;1;1;0;2;0;2;1;1;9;0;300;645;1;5764;NA;0;NA;1;225
933;4333152;3;0;0;2;0;1;0;0;2;1;9;0;300;745;1;5621;NA;0;NA;1;285
935;4333170;3;2;3;1;2;2;1;0;1;1;9;0;300;815;1;5282;NA;0;NA;1;315
940;4333175;3;3;3;1;1;1;0;2;1;1;9;0;300;830;1;4818;NA;0;NA;1;330
945;4333181;3;3;1;1;2;2;1;1;1;1;9;0;300;845;1;6661;NA;0;NA;1;345
951;4334120;3;4;3;2;0;2;0;0;2;1;9;0;300;915;1;1441;NA;0;NA;1;375
956;4334136;3;3;3;0;0;2;0;2;0;1;9;0;300;700;1;5221;NA;0;NA;1;240
960;4335013;3;2;0;1;0;1;0;2;1;1;9;0;300;740;1;5467;NA;0;NA;1;280
963;4335133;3;3;3;1;2;2;0;2;1;1;9;0;300;830;1;5751;NA;0;NA;1;330
967;4335138;3;3;2;2;0;2;0;2;2;1;9;0;300;830;1;5655;NA;0;NA;1;330
972;4335177;3;4;3;2;0;1;0;0;2;1;9;0;300;950;1;5507;NA;0;NA;1;410
979;4335184;3;4;2;2;0;1;0;0;2;1;9;0;300;1030;1;5645;NA;0;NA;1;450
984;4336178;3;4;0;3;0;1;0;0;3;1;9;0;300;830;1;5552;NA;0;NA;1;330
993;4336265;3;0;0;3;0;0;0;0;3;1;9;0;300;900;1;6463;NA;0;NA;1;360
997;4337009;3;1;0;1;0;1;0;2;1;1;9;0;300;700;1;5623;NA;0;NA;1;240
999;4337107;3;1;2;0;0;1;1;2;0;1;9;0;300;731;1;5721;NA;0;NA;1;271
1003;4337126;3;3;2;1;0;2;0;2;1;1;9;0;300;730;1;4926;NA;0;NA;1;270
1009;4337138;3;3;1;0;1;2;0;2;0;1;9;0;300;715;1;6003;NA;0;NA;1;255
1016;4337151;3;3;2;1;3;2;0;2;1;1;9;0;300;705;1;5665;NA;0;NA;1;245
1023;4338125;3;4;1;4;0;0;1;0;4;1;9;0;300;2700;1;5611;NA;0;NA;1;1440
1025;4338171;3;1;0;0;0;1;1;2;0;1;9;0;300;845;1;5628;NA;0;NA;1;345
1028;4339153;3;2;1;1;2;2;0;2;1;1;9;0;300;755;1;5673;NA;0;NA;1;295
1038;4339178;3;0;3;3;0;1;0;0;3;1;9;0;300;1105;1;5613;NA;0;NA;1;485
1042;4339557;3;4;1;3;0;1;0;0;3;1;9;0;300;1000;1;5527;NA;0;NA;1;420
1046;4341152;3;0;0;1;0;0;1;0;1;1;9;0;300;2700;1;5611;NA;0;NA;1;1440
1047;4341182;3;3;3;1;3;2;0;2;1;1;9;0;300;530;1;5625;NA;0;NA;1;150
1052;4341203;3;4;2;3;0;0;0;0;3;1;9;0;300;845;1;8224;NA;0;NA;1;345
1057;4342109;3;3;3;1;0;2;0;2;1;1;9;0;300;810;1;5673;NA;0;NA;1;310
1061;4343102;3;2;3;1;0;1;0;0;1;1;9;0;300;1400;1;5731;NA;0;NA;1;660
1065;4343131;3;3;2;1;1;2;0;2;1;1;9;0;300;650;1;5741;NA;0;NA;1;230
1071;4345102;3;3;2;1;0;2;0;2;1;1;9;0;300;2700;1;5022;NA;0;NA;1;1440
1075;4345115;3;2;3;2;0;2;0;2;2;1;9;0;300;630;1;5571;NA;0;NA;1;210
1079;4345118;3;3;3;1;0;2;0;2;1;1;9;0;300;1315;1;5666;NA;0;NA;1;615
1085;4346012;3;0;0;2;0;1;0;0;2;1;9;0;300;1115;1;5627;NA;0;NA;1;495
1087;4346130;3;1;2;1;0;0;1;2;1;1;9;0;300;730;1;5665;NA;0;NA;1;270
1089;4346163;3;2;3;1;0;2;0;2;1;1;9;0;300;905;1;5627;NA;0;NA;1;365
1094;4346178;3;1;2;0;0;0;0;2;0;1;9;0;300;820;1;5632;NA;0;NA;1;320
1097;4347287;3;1;2;0;0;1;1;2;0;1;9;0;300;825;1;9711;NA;0;NA;1;325
1099;4349116;3;4;3;4;0;1;0;0;4;1;9;0;300;1030;1;5645;NA;0;NA;1;450
1104;4349132;3;2;1;2;0;1;0;2;2;1;9;0;300;715;1;5503;NA;0;NA;1;255
1110;4352005;3;4;2;3;0;1;1;0;3;1;9;0;300;1015;1;5627;NA;0;NA;1;435
1117;4352145;3;3;1;2;0;1;1;1;2;1;9;0;300;1044;1;5662;NA;0;NA;1;464
1122;4401148;4;0;0;3;0;0;1;0;3;1;9;0;300;1100;1;5642;NA;0;NA;1;480
1124;4402111;4;1;3;2;0;2;0;2;2;1;9;0;300;455;1;1058;NA;0;NA;1;115
1126;4402114;4;0;0;4;0;0;1;0;4;1;9;0;300;2700;1;5611;NA;0;NA;1;1440
1127;4402143;4;3;3;2;0;1;0;2;2;1;9;0;300;400;1;5759;NA;0;NA;1;60
1134;4402173;4;2;1;2;0;1;0;0;2;1;9;0;300;930;1;5663;NA;0;NA;1;390
1138;4404117;4;0;0;4;0;1;1;0;4;1;9;0;300;2700;1;5611;NA;0;NA;1;1440
1139;4404123;4;3;2;0;1;2;0;2;0;1;9;0;300;710;1;5045;NA;0;NA;1;250
1145;4405005;4;3;2;0;0;1;0;2;0;1;9;0;300;1010;1;5615;NA;0;NA;1;430
1149;4405134;4;2;3;1;0;2;0;2;1;1;9;0;300;750;1;5502;NA;0;NA;1;290
1154;4406108;4;2;3;2;0;2;1;0;2;1;9;0;300;900;1;5502;NA;0;NA;1;360
1160;4406137;4;3;3;1;0;1;0;2;1;1;9;0;300;645;1;5463;NA;0;NA;1;225
1166;4406194;4;3;3;1;1;2;0;2;1;1;9;0;300;830;1;5981;NA;0;NA;1;330
1169;4407193;4;1;3;1;0;0;1;2;1;1;9;0;300;500;1;5644;NA;0;NA;1;120
1172;4408117;4;2;3;1;2;1;0;2;1;1;9;0;300;610;1;3851;NA;0;NA;1;190
1178;4409150;4;0;2;2;0;1;1;0;2;1;9;0;300;1355;1;5611;NA;0;NA;1;655
1180;4412106;4;2;1;0;1;1;1;0;0;1;9;0;300;1135;1;5632;NA;0;NA;1;515
1188;4412107;4;0;0;4;0;0;1;0;4;1;9;0;300;2700;1;5611;NA;0;NA;1;1440
1189;4412113;4;3;3;1;2;2;0;2;1;1;9;0;300;810;1;5768;NA;0;NA;1;310
1193;4412200;4;3;2;2;0;2;0;2;2;1;9;0;300;715;1;5491;NA;0;NA;1;255
1197;4413112;4;3;1;2;0;1;0;2;2;1;9;0;300;930;1;5361;NA;0;NA;1;390
1202;4413113;4;3;2;0;0;1;0;2;0;1;9;0;300;835;1;5615;NA;0;NA;1;335
1208;4414121;4;3;3;1;2;2;0;2;1;1;9;0;300;815;1;5502;NA;0;NA;1;315
1212;4414137;4;1;0;1;0;1;0;2;1;1;9;0;300;730;1;1132;NA;0;NA;1;270
1214;4416126;4;3;3;1;1;1;0;2;1;1;9;0;300;620;1;5633;NA;0;NA;1;200
1220;4416170;4;4;1;3;0;1;0;0;3;1;9;0;300;2700;1;5611;NA;0;NA;1;1440
1222;4416188;4;4;1;3;0;1;0;0;3;1;9;0;300;1010;1;5625;NA;0;NA;1;430
1230;4417138;4;2;3;1;3;2;0;2;1;1;9;0;300;800;1;5453;NA;0;NA;1;300
1235;4419553;4;2;3;2;0;1;0;2;2;1;9;0;300;700;1;4904;NA;0;NA;1;240
1244;4420114;4;2;1;1;3;1;0;2;1;1;9;0;300;815;1;5623;NA;0;NA;1;315
1249;4422130;4;3;2;1;2;2;0;2;1;1;9;0;300;700;1;5491;NA;0;NA;1;240
1255;4422152;4;4;1;2;0;2;0;0;2;1;9;0;300;901;1;5708;NA;0;NA;1;361
1260;4422156;4;3;3;0;0;2;0;2;0;1;9;0;300;628;1;5751;NA;0;NA;1;208
1265;4423109;4;2;1;3;0;2;0;0;3;1;9;0;300;930;1;5735;NA;0;NA;1;390
1271;4425175;4;2;3;1;3;1;0;2;1;1;9;0;300;545;1;2986;NA;0;NA;1;165
1274;4426176;4;0;0;1;0;2;1;0;1;1;9;0;300;1010;1;5508;NA;0;NA;1;430
1276;4427118;4;0;0;4;0;0;1;0;4;1;9;0;300;800;1;5641;NA;0;NA;1;300
1280;4427555;4;3;3;1;2;1;0;2;1;1;9;0;300;600;1;5551;NA;0;NA;1;180
1284;4429109;4;4;1;3;0;1;0;0;3;1;9;0;300;1020;1;5554;NA;0;NA;1;440
1290;4430113;4;3;3;1;1;1;0;2;1;1;9;0;300;1010;1;5621;NA;0;NA;1;430
1294;4432124;4;2;1;1;3;2;0;2;1;1;9;0;300;700;1;6605;NA;0;NA;1;240
1299;4432181;4;3;2;0;0;2;0;2;0;1;9;0;300;740;1;5735;NA;0;NA;1;280
1303;4432553;4;1;0;1;0;1;0;2;1;1;9;0;300;630;1;5642;NA;0;NA;1;210
1305;4433164;4;3;3;0;1;2;0;2;0;1;9;0;300;1300;1;5629;NA;0;NA;1;600
1310;4434174;4;4;2;2;0;1;0;0;2;1;9;0;300;1415;1;5624;NA;0;NA;1;675
1313;4434552;4;3;3;1;0;2;0;2;1;1;9;0;300;715;1;5626;NA;0;NA;1;255
1319;4435008;4;1;3;1;0;1;1;2;1;1;9;0;300;810;1;5509;NA;0;NA;1;310
1321;4435146;4;3;3;2;0;2;1;1;2;1;9;0;300;1015;1;5671;NA;0;NA;1;435
1325;4435161;4;2;2;2;0;1;0;2;2;1;9;0;300;532;1;5175;NA;0;NA;1;152
1333;4435170;4;4;0;1;3;0;1;0;1;1;9;0;300;814;1;5711;NA;0;NA;1;314
1338;4435183;4;2;3;1;0;2;0;2;1;1;9;0;300;745;1;7671;NA;0;NA;1;285
1342;4436150;4;3;1;1;2;1;0;2;1;1;9;0;300;740;1;5615;NA;0;NA;1;280
1346;4436161;4;3;3;2;2;2;0;2;2;1;9;0;300;2700;1;1251;NA;0;NA;1;1440
1353;4436182;4;3;3;2;0;1;0;2;2;1;9;0;300;810;1;5506;NA;0;NA;1;310
1359;4437182;4;3;1;1;1;1;0;2;1;1;9;0;300;800;1;5628;NA;0;NA;1;300
1365;4438557;4;0;0;4;0;0;1;0;4;1;9;0;300;1400;1;5631;NA;0;NA;1;660
1367;4439123;4;0;2;3;0;1;1;0;3;1;9;0;300;1100;1;5612;NA;0;NA;1;480
1370;4440015;4;4;0;1;1;1;0;0;1;1;9;0;300;900;1;5632;NA;0;NA;1;360
1375;4440141;4;3;3;1;1;2;1;2;1;1;9;0;300;820;1;5611;NA;0;NA;1;320
1382;4440167;4;3;2;1;2;1;0;2;1;1;9;0;300;640;1;5298;NA;0;NA;1;220
1389;4441146;4;4;3;2;0;1;0;0;2;1;9;0;300;830;1;5666;NA;0;NA;1;330
1394;4444005;4;0;1;3;0;0;1;0;3;1;9;0;300;2700;1;5611;NA;0;NA;1;1440
1395;4444106;4;3;3;1;3;1;0;2;1;1;9;0;300;630;1;5384;NA;0;NA;1;210
1401;4444124;4;0;0;4;0;0;1;0;4;1;9;0;300;2700;1;5611;NA;0;NA;1;1440
1402;4444179;4;4;1;2;0;1;0;0;2;1;9;0;300;1000;1;5653;NA;0;NA;1;420
1406;4445122;4;4;2;3;0;1;0;0;3;1;9;0;300;1345;1;5528;NA;0;NA;1;645
1411;4445131;4;2;3;2;0;1;0;0;2;1;9;0;300;1305;1;5237;NA;0;NA;1;605
1416;4445228;4;3;1;0;0;1;0;2;0;1;9;0;300;800;1;8321;NA;0;NA;1;300
1419;4446014;4;1;0;0;0;1;0;2;0;1;9;0;300;730;1;5501;NA;0;NA;1;270
1421;4446149;4;0;0;4;0;0;1;0;4;1;9;0;300;1000;1;5628;NA;0;NA;1;420
1423;4446159;4;3;3;1;2;2;1;1;1;1;9;0;300;700;1;5525;NA;0;NA;1;240
1430;4446179;4;3;3;2;0;2;0;2;2;1;9;0;300;600;1;5032;NA;0;NA;1;180
1435;4447111;4;4;2;4;0;1;1;0;4;1;9;0;300;2700;1;5611;NA;0;NA;1;1440
1437;4447144;4;3;3;0;1;2;0;2;0;1;9;0;300;945;1;5502;NA;0;NA;1;405
1444;4447163;4;4;3;4;0;1;0;0;4;1;9;0;300;1130;1;5707;NA;0;NA;1;510
1451;4448109;4;3;2;0;0;2;0;2;0;1;9;0;300;845;1;5684;NA;0;NA;1;345
1456;4450114;4;0;0;4;0;1;1;0;4;1;9;0;300;608;1;5622;NA;0;NA;1;188
1458;4451104;4;3;2;1;2;2;0;2;1;1;9;0;300;730;1;3356;NA;0;NA;1;270
1466;4451121;4;4;1;3;0;1;0;0;3;1;9;0;300;1145;1;6003;NA;0;NA;1;525
1472;4452160;4;2;1;1;3;2;0;2;1;1;9;0;300;702;1;5715;NA;0;NA;1;242
1479;4453170;4;4;2;2;0;1;0;0;2;1;9;0;300;2700;1;5508;NA;0;NA;1;1440
1484;4502137;5;0;3;4;0;0;1;0;4;1;9;0;300;2700;1;5611;NA;0;NA;1;1440
1485;4504104;5;3;3;1;0;2;0;2;1;1;9;0;300;630;1;5629;NA;0;NA;1;210
1489;4504156;5;4;3;3;0;1;0;0;3;1;9;0;300;1400;1;5631;NA;0;NA;1;660
1494;4505124;5;3;3;1;1;1;0;2;1;1;9;0;300;750;1;5712;NA;0;NA;1;290
1502;4507103;5;3;2;1;3;1;0;2;1;1;9;0;300;1615;1;5551;NA;0;NA;1;795
1506;4507144;5;4;2;3;0;1;1;0;3;1;9;0;300;1120;1;5646;NA;0;NA;1;500
1512;4508102;5;3;3;2;0;1;0;2;2;1;9;0;300;745;1;5632;NA;0;NA;1;285
1519;4510102;5;0;3;4;0;0;1;0;4;1;9;0;300;2700;1;5611;NA;0;NA;1;1440
1520;4510127;5;4;2;2;0;1;0;0;2;1;9;0;300;1130;1;5658;NA;0;NA;1;510
1525;4510161;5;2;2;1;2;1;0;2;1;1;9;0;300;630;1;6021;NA;0;NA;1;210
1530;4510170;5;0;0;2;0;1;0;0;2;1;9;0;300;945;1;6065;NA;0;NA;1;405
1533;4510175;5;3;3;2;0;1;1;2;1;1;9;0;300;906;1;5627;NA;0;NA;1;366
1535;4510178;5;4;1;4;0;0;0;0;4;1;9;0;300;1120;1;5654;NA;0;NA;1;500
1540;4511132;5;3;1;1;2;1;0;2;1;1;9;0;300;2700;1;5627;NA;0;NA;1;1440
1543;4511176;5;0;0;1;0;1;1;0;1;1;9;0;300;2700;1;5611;NA;0;NA;1;1440
1544;4511191;5;0;2;4;0;1;0;0;4;1;9;0;300;930;1;5616;NA;0;NA;1;390
1546;4513120;5;4;3;4;0;1;0;0;4;1;9;0;300;900;1;5629;NA;0;NA;1;360
1550;4513145;5;3;3;1;0;1;0;2;1;1;9;0;300;645;1;2716;NA;0;NA;1;225
1554;4513178;5;2;2;0;1;1;0;2;0;1;9;0;300;715;1;5731;NA;0;NA;1;255
1562;4513186;5;2;2;0;0;2;0;0;0;1;9;0;300;1000;1;5627;NA;0;NA;1;420
1567;4513194;5;3;2;1;3;1;1;1;1;1;9;0;300;845;1;5644;NA;0;NA;1;345
1571;4515014;5;2;3;1;0;1;0;2;1;1;9;0;300;740;1;5665;NA;0;NA;1;280
1579;4515110;5;4;0;4;0;1;0;0;4;1;9;0;300;935;1;5652;NA;0;NA;1;395
1584;4515127;5;0;0;4;0;0;1;0;4;1;9;0;300;2700;1;5611;NA;0;NA;1;1440
1585;4515141;5;4;2;1;0;1;0;0;1;1;9;0;300;1130;1;5555;NA;0;NA;1;510
1590;4515557;5;4;0;4;0;1;0;0;4;1;9;0;300;2700;1;5611;NA;0;NA;1;1440
1592;4516135;5;2;3;1;2;1;0;2;1;1;9;0;300;820;1;5629;NA;0;NA;1;320
1600;4516554;5;4;3;1;0;1;0;0;1;1;9;0;300;645;1;5466;NA;0;NA;1;225
1604;4517101;5;2;2;1;0;2;0;2;1;1;9;0;300;630;1;5752;NA;0;NA;1;210
1608;4517127;5;1;0;0;0;1;1;2;0;1;9;0;300;610;1;4621;NA;0;NA;1;190
1610;4517182;5;3;3;0;0;2;0;2;0;1;9;0;300;715;1;5211;NA;0;NA;1;255
1613;4518006;5;0;0;1;0;1;0;0;1;1;9;0;300;730;1;5625;NA;0;NA;1;270
1615;4518007;5;1;3;1;0;1;1;2;1;1;9;0;300;600;1;5616;NA;0;NA;1;180
1619;4518168;5;0;0;3;0;0;1;0;3;1;9;0;300;1315;1;5612;NA;0;NA;1;615
1621;4520555;5;3;3;1;2;1;0;2;1;1;9;0;300;705;1;5464;NA;0;NA;1;245
1624;4522013;5;0;0;2;0;0;1;0;2;1;9;0;300;1510;1;5622;NA;0;NA;1;730
1626;4522131;5;4;2;2;0;1;1;0;2;1;9;0;300;1730;1;5611;NA;0;NA;1;870
1631;4523126;5;3;1;1;0;2;1;1;1;1;9;0;300;2700;1;5709;NA;0;NA;1;1440
1634;4524130;5;4;0;4;0;1;0;0;4;1;9;0;300;2700;1;5611;NA;0;NA;1;1440
1636;4525551;5;2;3;1;1;2;0;2;1;1;9;0;300;700;1;6035;NA;0;NA;1;240
1643;4527150;5;0;0;2;0;1;1;0;2;1;9;0;300;1230;1;5644;NA;0;NA;1;570
1646;4528124;5;3;1;0;1;1;1;2;0;1;9;0;300;825;1;5655;NA;0;NA;1;325
1652;4530122;5;3;3;1;1;2;0;2;1;1;9;0;300;930;1;5708;NA;0;NA;1;390
1658;4530131;5;3;1;1;2;2;0;2;1;1;9;0;300;730;1;6245;NA;0;NA;1;270
1662;4531123;5;2;3;1;2;1;0;2;1;1;9;0;300;930;1;5509;NA;0;NA;1;390
1667;4531174;5;2;3;1;0;0;0;2;1;1;9;0;300;815;1;5653;NA;0;NA;1;315
1670;4531551;5;0;0;2;0;1;0;0;2;1;9;0;300;840;1;5654;NA;0;NA;1;340
1672;4531552;5;2;3;2;0;2;0;2;2;1;9;0;300;645;1;5513;NA;0;NA;1;225
1679;4532554;5;3;3;0;0;2;0;2;0;1;9;0;300;705;1;8556;NA;0;NA;1;245
1685;4533141;5;3;2;1;0;2;0;2;1;1;9;0;300;1100;1;5707;NA;0;NA;1;480
1691;4533555;5;3;2;2;0;1;1;1;2;1;9;0;300;1015;1;5642;NA;0;NA;1;435
1701;4534139;5;3;3;2;0;2;1;1;2;1;9;0;300;1450;1;6861;NA;0;NA;1;710
1710;4534177;5;0;0;1;0;1;1;0;1;1;9;0;300;1515;1;5611;NA;0;NA;1;735
1712;4535157;5;1;0;0;0;0;0;1;0;1;9;0;300;1045;1;5642;NA;0;NA;1;465
1715;4535554;5;2;3;1;0;2;1;0;1;1;9;0;300;1430;1;4924;NA;0;NA;1;690
1719;4536032;5;3;3;1;0;1;0;2;1;1;9;0;300;705;1;3981;NA;0;NA;1;245
1724;4536155;5;3;1;0;0;2;0;2;0;1;9;0;300;745;1;5571;NA;0;NA;1;285
1730;4538113;5;0;0;4;0;0;1;0;4;1;9;0;300;2700;1;5611;NA;0;NA;1;1440
1731;4540163;5;1;0;1;0;1;1;1;1;1;9;0;300;830;1;6212;NA;0;NA;1;330
1733;4540164;5;3;3;1;1;2;0;2;1;1;9;0;300;800;1;5612;NA;0;NA;1;300
1737;4541129;5;3;2;1;2;1;0;2;1;1;9;0;300;815;1;3824;NA;0;NA;1;315
1742;4541153;5;3;3;1;0;1;1;1;1;1;9;0;300;2700;1;5644;NA;0;NA;1;1440
1746;4541156;5;4;3;4;0;2;0;0;4;1;9;0;300;2700;1;5644;NA;0;NA;1;1440
1749;4542135;5;3;2;2;0;2;0;2;2;1;9;0;300;715;1;5554;NA;0;NA;1;255
1754;4542163;5;3;2;1;2;2;0;2;1;1;9;0;300;710;1;5551;NA;0;NA;1;250
1764;4543239;5;2;3;2;0;2;0;2;2;1;9;0;300;1230;1;6096;NA;0;NA;1;570
1768;4545109;5;4;1;2;0;1;0;0;2;1;9;0;300;1000;1;5628;NA;0;NA;1;420
1772;4545118;5;1;2;1;3;1;1;2;1;1;9;0;300;820;1;5612;NA;0;NA;1;320
1776;4545140;5;4;2;3;0;0;0;0;3;1;9;0;300;825;1;5628;NA;0;NA;1;325
1782;4545226;5;3;3;1;0;1;0;2;1;1;9;0;300;635;1;6051;NA;0;NA;1;215
1788;4546119;5;1;2;0;0;1;1;2;0;1;9;0;300;750;1;2511;NA;0;NA;1;290
1791;4547113;5;0;1;3;0;1;1;0;3;1;9;0;300;815;1;5631;NA;0;NA;1;315
1793;4547127;5;1;1;0;0;1;1;1;0;1;9;0;300;730;1;2324;NA;0;NA;1;270
1795;4547235;5;2;3;1;2;2;0;2;1;1;9;0;300;700;1;1335;NA;0;NA;1;240
1799;4550104;5;1;0;1;0;1;0;2;1;1;9;0;300;1800;1;5622;NA;0;NA;1;900
1801;4551156;5;1;3;1;0;1;0;2;1;1;9;0;300;815;1;5654;NA;0;NA;1;315
1803;4601177;6;2;1;1;0;1;0;2;1;1;9;0;300;1130;1;5621;NA;0;NA;1;510
1808;4602118;6;4;3;2;0;1;0;0;2;1;9;0;300;1730;1;5623;NA;0;NA;1;870
1812;4602170;6;2;3;1;2;1;0;2;1;1;9;0;300;800;1;5644;NA;0;NA;1;300
1821;4604108;6;3;3;1;1;2;0;2;1;1;9;0;300;845;1;6003;NA;0;NA;1;345
1826;4606148;6;4;1;2;0;2;0;0;2;1;9;0;300;930;1;5916;NA;0;NA;1;390
1832;4607103;6;1;1;1;0;1;0;2;1;1;9;0;300;745;1;5627;NA;0;NA;1;285
1836;4607123;6;0;0;3;0;0;1;0;3;1;9;0;300;2700;1;5611;NA;0;NA;1;1440
1837;4607176;6;2;3;0;1;1;0;2;0;1;9;0;300;1425;1;5629;NA;0;NA;1;685
1841;4607184;6;4;1;4;0;1;0;0;4;1;9;0;300;1202;1;5623;NA;0;NA;1;542
1845;4608130;6;1;0;1;0;0;0;2;1;1;9;0;300;1130;1;1055;NA;0;NA;1;510
1847;4608187;6;3;3;0;0;1;1;2;0;1;9;0;300;1300;1;5629;NA;0;NA;1;600
1851;4609112;6;2;3;1;2;1;0;2;1;1;9;0;300;755;1;5629;NA;0;NA;1;295
1859;4611115;6;3;2;1;0;0;1;1;1;1;9;0;300;1030;1;5646;NA;0;NA;1;450
1863;4611124;6;4;3;1;0;2;1;0;1;1;9;0;300;630;1;5631;NA;0;NA;1;210
1868;4611155;6;2;1;1;2;1;0;2;1;1;9;0;300;830;1;5615;NA;0;NA;1;330
1876;4611180;6;3;3;1;2;2;0;2;1;1;9;0;300;945;1;5626;NA;0;NA;1;405
1880;4614103;6;3;3;1;2;1;0;2;1;1;9;0;300;1000;1;5704;NA;0;NA;1;420
1883;4616007;6;2;1;1;1;1;0;2;1;1;9;0;300;1100;1;5621;NA;0;NA;1;480
1887;4618158;6;0;0;4;0;1;1;0;4;1;9;0;300;2700;1;5611;NA;0;NA;1;1440
1888;4619013;6;0;0;2;0;0;1;0;2;1;9;0;300;1100;1;5621;NA;0;NA;1;480
1890;4619165;6;1;0;0;0;1;1;2;0;1;9;0;300;800;1;5662;NA;0;NA;1;300
1893;4620142;6;0;0;4;0;0;1;0;4;1;9;0;300;1500;1;5611;NA;0;NA;1;720
1895;4623106;6;4;3;2;0;1;0;0;2;1;9;0;300;805;1;3331;NA;0;NA;1;305
1902;4624013;6;0;1;3;0;1;1;0;3;1;9;0;300;1100;1;5611;NA;0;NA;1;480
1904;4624107;6;3;3;0;1;2;0;2;0;1;9;0;300;1030;1;5513;NA;0;NA;1;450
1912;4624155;6;4;1;4;0;1;0;0;4;1;9;0;300;900;1;5654;NA;0;NA;1;360
1916;4624164;6;4;1;3;0;1;0;0;3;1;9;0;300;1100;1;5632;NA;0;NA;1;480
1920;4625136;6;3;3;0;0;1;0;2;0;1;9;0;300;1200;1;5614;NA;0;NA;1;540
1924;4626013;6;2;2;1;2;1;0;2;1;1;9;0;300;930;1;5614;NA;0;NA;1;390
1930;4627010;6;3;3;1;2;2;0;2;1;1;9;0;300;1420;1;5627;NA;0;NA;1;680
1936;4631140;6;1;1;2;0;2;1;2;2;1;9;0;300;1100;1;5671;NA;0;NA;1;480
1940;4631146;6;3;3;2;0;2;0;2;1;1;9;0;300;900;1;5721;NA;0;NA;1;360
1948;4632132;6;3;1;1;0;1;0;1;1;1;9;0;300;900;1;5991;NA;0;NA;1;360
1952;4633101;6;4;0;2;0;1;0;0;2;1;9;0;300;1900;1;5654;NA;0;NA;1;960
1956;4633169;6;3;2;0;0;1;0;2;0;1;9;0;300;1155;1;5658;NA;0;NA;1;535
1960;4634152;6;1;0;0;0;1;0;2;0;1;9;0;300;1045;1;5632;NA;0;NA;1;465
1962;4635177;6;3;1;0;0;2;1;2;0;1;9;0;300;1330;1;5508;NA;0;NA;1;630
1969;4639178;6;4;0;4;0;1;0;0;4;1;9;0;300;830;1;5615;NA;0;NA;1;330
1977;4640178;6;4;2;2;0;1;1;0;2;1;9;0;300;1419;1;5613;NA;0;NA;1;679
1983;4642138;6;3;3;1;2;2;1;1;1;1;9;0;300;815;1;5629;NA;0;NA;1;315
1989;4644169;6;0;1;4;0;0;1;0;4;1;9;0;300;830;1;5622;NA;0;NA;1;330
1991;4646118;6;0;1;3;0;0;0;0;3;1;9;0;300;2700;1;5611;NA;0;NA;1;1440
1992;4646172;6;3;3;1;3;0;0;2;1;1;9;0;300;1015;1;5611;NA;0;NA;1;435
1999;4647115;6;2;3;1;1;2;0;2;1;1;9;0;300;2700;1;5508;NA;0;NA;1;1440
2004;4647172;6;4;1;3;0;1;0;0;3;1;9;0;300;900;1;5673;NA;0;NA;1;360
2010;4648156;6;1;1;1;0;1;0;2;1;1;9;0;300;133;1;5991;NA;0;NA;1;-87
2013;4649116;6;3;3;2;0;2;0;2;1;1;9;0;300;935;1;5508;NA;0;NA;1;395
2018;4650169;6;4;1;3;0;1;0;0;3;1;9;0;300;2700;1;5611;NA;0;NA;1;1440
2020;4706164;7;4;1;2;0;1;0;0;2;1;9;0;300;1730;1;5653;NA;0;NA;1;870
2024;4708182;7;4;2;2;0;1;0;0;2;1;9;0;300;800;1;5403;NA;0;NA;1;300
2030;4710156;7;1;3;1;0;1;0;2;1;1;9;0;300;1130;1;5641;NA;0;NA;1;510
2033;4711159;7;0;2;4;0;0;0;0;4;1;9;0;300;2700;1;5611;NA;0;NA;1;1440
2034;4712167;7;0;1;3;0;1;1;0;3;1;9;0;300;1130;1;5708;NA;0;NA;1;510
2037;4715179;7;3;3;1;1;2;1;1;1;1;9;0;300;1030;1;3764;NA;0;NA;1;450
2041;4717141;7;0;0;4;0;0;0;0;4;1;9;0;300;1050;1;5616;NA;0;NA;1;470
2043;4719502;7;2;2;0;1;1;1;0;0;1;9;0;300;445;1;5701;NA;0;NA;1;105
2048;4721167;7;0;1;4;0;1;1;0;4;1;9;0;300;1400;1;5625;NA;0;NA;1;660
2050;4721168;7;3;3;1;0;2;0;2;1;1;9;0;300;930;1;5506;NA;0;NA;1;390
2054;4721173;7;3;2;2;0;1;0;2;2;1;9;0;300;1415;1;5623;NA;0;NA;1;675
2058;4721556;7;0;3;2;0;1;0;0;2;1;9;0;300;1700;1;6129;NA;0;NA;1;840
2060;4722179;7;0;0;3;0;1;0;0;3;1;9;0;300;2700;1;5611;NA;0;NA;1;1440
2061;4723145;7;4;1;4;0;1;0;0;4;1;9;0;300;1730;1;5651;NA;0;NA;1;870
2065;4723163;7;4;2;3;0;1;0;0;3;1;9;0;300;1230;1;5654;NA;0;NA;1;570
2069;4723552;7;4;1;2;0;1;1;0;2;1;9;0;300;2700;1;5611;NA;0;NA;1;1440
2071;4724175;7;3;1;2;0;2;0;2;2;1;9;0;300;900;1;5627;NA;0;NA;1;360
2075;4725551;7;3;2;2;0;2;0;2;2;1;9;0;300;930;1;5611;NA;0;NA;1;390
2079;4726150;7;0;1;3;0;1;0;0;3;1;9;0;300;900;1;5502;NA;0;NA;1;360
2085;4727102;7;0;0;3;0;0;1;0;3;1;9;0;300;2700;1;5611;NA;0;NA;1;1440
2086;4730011;7;0;2;2;0;1;1;0;2;1;9;0;300;1245;1;5622;NA;0;NA;1;585
2088;4730132;7;3;3;1;1;2;0;2;1;1;9;0;300;1100;1;5595;NA;0;NA;1;480
2092;4732101;7;4;2;3;0;1;0;0;3;1;9;0;300;1045;1;5643;NA;0;NA;1;465
2098;4733115;7;0;3;2;0;1;1;0;2;1;9;0;300;1530;1;5506;NA;0;NA;1;750
2101;4734553;7;3;2;2;0;2;1;2;2;1;9;0;300;1035;1;5612;NA;0;NA;1;455
2108;4734557;7;3;3;1;0;1;0;2;1;1;9;0;300;2700;1;5611;NA;0;NA;1;1440
2110;4735003;7;2;2;0;1;1;1;0;0;1;9;0;300;930;1;5684;NA;0;NA;1;390
2113;4735135;7;3;1;1;2;1;0;2;1;1;9;0;300;1230;1;5629;NA;0;NA;1;570
2117;4736125;7;2;3;1;1;2;0;2;1;1;9;0;300;1130;1;5627;NA;0;NA;1;510
2123;4739134;7;1;2;1;0;2;0;2;1;1;9;0;300;930;1;5627;NA;0;NA;1;390
2126;4739135;7;4;0;2;0;0;0;0;2;1;9;0;300;1430;1;5632;NA;0;NA;1;690
2130;4740010;7;2;0;1;0;1;0;2;1;1;9;0;300;1430;1;5628;NA;0;NA;1;690
2135;4740137;7;3;3;0;0;1;1;2;0;1;9;0;300;2700;1;5673;NA;0;NA;1;1440